"Country or Area","Subgroup","Year","Source","Unit","Value","Value Footnotes"
"Afghanistan","Male 5-14 yr","2002-2011","UN_Demographic and Health Surveys (DHS), Multiple Indicator Cluster Surveys (MICS) and other national surveys","Percent","11","1"
"Afghanistan","Female 5-14 yr","2002-2011","UN_Demographic and Health Surveys (DHS), Multiple Indicator Cluster Surveys (MICS) and other national surveys","Percent","10","1"
"Afghanistan","Total 5-14 yr","2002-2011","UN_Demographic and Health Surveys (DHS), Multiple Indicator Cluster Surveys (MICS) and other national surveys","Percent","10","1"
"Albania","Male 5-14 yr","2002-2011","UN_Demographic and Health Surveys (DHS), Multiple Indicator Cluster Surveys (MICS) and other national surveys","Percent","14","1"
"Albania","Female 5-14 yr","2002-2011","UN_Demographic and Health Surveys (DHS), Multiple Indicator Cluster Surveys (MICS) and other national surveys","Percent","9","1"
"Albania","Total 5-14 yr","2002-2011","UN_Demographic and Health Surveys (DHS), Multiple Indicator Cluster Surveys (MICS) and other national surveys","Percent","12","1"
"Algeria","Male 5-14 yr","2002-2011","UN_Demographic and Health Surveys (DHS), Multiple Indicator Cluster Surveys (MICS) and other national surveys","Percent","6","2"
"Algeria","Female 5-14 yr","2002-2011","UN_Demographic and Health Surveys (DHS), Multiple Indicator Cluster Surveys (MICS) and other national surveys","Percent","4","2"
"Algeria","Total 5-14 yr","2002-2011","UN_Demographic and Health Surveys (DHS), Multiple Indicator Cluster Surveys (MICS) and other national surveys","Percent","5","2"
"Angola","Male 5-14 yr","2002-2011","UN_Demographic and Health Surveys (DHS), Multiple Indicator Cluster Surveys (MICS) and other national surveys","Percent","22","3"
"Angola","Female 5-14 yr","2002-2011","UN_Demographic and Health Surveys (DHS), Multiple Indicator Cluster Surveys (MICS) and other national surveys","Percent","25","3"
"Angola","Total 5-14 yr","2002-2011","UN_Demographic and Health Surveys (DHS), Multiple Indicator Cluster Surveys (MICS) and other national surveys","Percent","24","3"
"Argentina","Male 5-14 yr","2002-2011","UN_Demographic and Health Surveys (DHS), Multiple Indicator Cluster Surveys (MICS) and other national surveys","Percent","8","2"
"Argentina","Female 5-14 yr","2002-2011","UN_Demographic and Health Surveys (DHS), Multiple Indicator Cluster Surveys (MICS) and other national surveys","Percent","5","2"
"Argentina","Total 5-14 yr","2002-2011","UN_Demographic and Health Surveys (DHS), Multiple Indicator Cluster Surveys (MICS) and other national surveys","Percent","7","2"
"Armenia","Male 5-14 yr","2002-2011","UN_Demographic and Health Surveys (DHS), Multiple Indicator Cluster Surveys (MICS) and other national surveys","Percent","5","2"
"Armenia","Female 5-14 yr","2002-2011","UN_Demographic and Health Surveys (DHS), Multiple Indicator Cluster Surveys (MICS) and other national surveys","Percent","3","2"
"Armenia","Total 5-14 yr","2002-2011","UN_Demographic and Health Surveys (DHS), Multiple Indicator Cluster Surveys (MICS) and other national surveys","Percent","4","2"
"Azerbaijan","Male 5-14 yr","2002-2011","UN_Demographic and Health Surveys (DHS), Multiple Indicator Cluster Surveys (MICS) and other national surveys","Percent","8","2"
"Azerbaijan","Female 5-14 yr","2002-2011","UN_Demographic and Health Surveys (DHS), Multiple Indicator Cluster Surveys (MICS) and other national surveys","Percent","5","2"
"Azerbaijan","Total 5-14 yr","2002-2011","UN_Demographic and Health Surveys (DHS), Multiple Indicator Cluster Surveys (MICS) and other national surveys","Percent","7","2"
"Bahrain","Male 5-14 yr","2002-2011","UN_Demographic and Health Surveys (DHS), Multiple Indicator Cluster Surveys (MICS) and other national surveys","Percent","6","3"
"Bahrain","Female 5-14 yr","2002-2011","UN_Demographic and Health Surveys (DHS), Multiple Indicator Cluster Surveys (MICS) and other national surveys","Percent","3","3"
"Bahrain","Total 5-14 yr","2002-2011","UN_Demographic and Health Surveys (DHS), Multiple Indicator Cluster Surveys (MICS) and other national surveys","Percent","5","3"
"Bangladesh","Male 5-14 yr","2002-2011","UN_Demographic and Health Surveys (DHS), Multiple Indicator Cluster Surveys (MICS) and other national surveys","Percent","18","1"
"Bangladesh","Female 5-14 yr","2002-2011","UN_Demographic and Health Surveys (DHS), Multiple Indicator Cluster Surveys (MICS) and other national surveys","Percent","8","1"
"Bangladesh","Total 5-14 yr","2002-2011","UN_Demographic and Health Surveys (DHS), Multiple Indicator Cluster Surveys (MICS) and other national surveys","Percent","13","1"
"Belarus","Male 5-14 yr","2002-2011","UN_Demographic and Health Surveys (DHS), Multiple Indicator Cluster Surveys (MICS) and other national surveys","Percent","6","1"
"Belarus","Female 5-14 yr","2002-2011","UN_Demographic and Health Surveys (DHS), Multiple Indicator Cluster Surveys (MICS) and other national surveys","Percent","4","1"
"Belarus","Total 5-14 yr","2002-2011","UN_Demographic and Health Surveys (DHS), Multiple Indicator Cluster Surveys (MICS) and other national surveys","Percent","5","1"
"Belize","Male 5-14 yr","2002-2011","UN_Demographic and Health Surveys (DHS), Multiple Indicator Cluster Surveys (MICS) and other national surveys","Percent","7","1"
"Belize","Female 5-14 yr","2002-2011","UN_Demographic and Health Surveys (DHS), Multiple Indicator Cluster Surveys (MICS) and other national surveys","Percent","5","1"
"Belize","Total 5-14 yr","2002-2011","UN_Demographic and Health Surveys (DHS), Multiple Indicator Cluster Surveys (MICS) and other national surveys","Percent","6","1"
"Benin","Male 5-14 yr","2002-2011","UN_Demographic and Health Surveys (DHS), Multiple Indicator Cluster Surveys (MICS) and other national surveys","Percent","47","1"
"Benin","Female 5-14 yr","2002-2011","UN_Demographic and Health Surveys (DHS), Multiple Indicator Cluster Surveys (MICS) and other national surveys","Percent","45","1"
"Benin","Total 5-14 yr","2002-2011","UN_Demographic and Health Surveys (DHS), Multiple Indicator Cluster Surveys (MICS) and other national surveys","Percent","46","1"
"Bhutan","Male 5-14 yr","2002-2011","UN_Demographic and Health Surveys (DHS), Multiple Indicator Cluster Surveys (MICS) and other national surveys","Percent","3","1"
"Bhutan","Female 5-14 yr","2002-2011","UN_Demographic and Health Surveys (DHS), Multiple Indicator Cluster Surveys (MICS) and other national surveys","Percent","3","1"
"Bhutan","Total 5-14 yr","2002-2011","UN_Demographic and Health Surveys (DHS), Multiple Indicator Cluster Surveys (MICS) and other national surveys","Percent","3","1"
"Bolivia (Plurinational State of)","Male 5-14 yr","2002-2011","UN_Demographic and Health Surveys (DHS), Multiple Indicator Cluster Surveys (MICS) and other national surveys","Percent","28","2"
"Bolivia (Plurinational State of)","Female 5-14 yr","2002-2011","UN_Demographic and Health Surveys (DHS), Multiple Indicator Cluster Surveys (MICS) and other national surveys","Percent","24","2"
"Bolivia (Plurinational State of)","Total 5-14 yr","2002-2011","UN_Demographic and Health Surveys (DHS), Multiple Indicator Cluster Surveys (MICS) and other national surveys","Percent","26","2"
"Bosnia and Herzegovina","Male 5-14 yr","2002-2011","UN_Demographic and Health Surveys (DHS), Multiple Indicator Cluster Surveys (MICS) and other national surveys","Percent","7","1"
"Bosnia and Herzegovina","Female 5-14 yr","2002-2011","UN_Demographic and Health Surveys (DHS), Multiple Indicator Cluster Surveys (MICS) and other national surveys","Percent","4","1"
"Bosnia and Herzegovina","Total 5-14 yr","2002-2011","UN_Demographic and Health Surveys (DHS), Multiple Indicator Cluster Surveys (MICS) and other national surveys","Percent","5","1"
"Botswana","Male 5-14 yr","2002-2011","UN_Demographic and Health Surveys (DHS), Multiple Indicator Cluster Surveys (MICS) and other national surveys","Percent","11","2"
"Botswana","Female 5-14 yr","2002-2011","UN_Demographic and Health Surveys (DHS), Multiple Indicator Cluster Surveys (MICS) and other national surveys","Percent","7","2"
"Botswana","Total 5-14 yr","2002-2011","UN_Demographic and Health Surveys (DHS), Multiple Indicator Cluster Surveys (MICS) and other national surveys","Percent","9","2"
"Brazil","Male 5-14 yr","2002-2011","UN_Demographic and Health Surveys (DHS), Multiple Indicator Cluster Surveys (MICS) and other national surveys","Percent","4","2"
"Brazil","Female 5-14 yr","2002-2011","UN_Demographic and Health Surveys (DHS), Multiple Indicator Cluster Surveys (MICS) and other national surveys","Percent","2","2"
"Brazil","Total 5-14 yr","2002-2011","UN_Demographic and Health Surveys (DHS), Multiple Indicator Cluster Surveys (MICS) and other national surveys","Percent","3","2"
"Burkina Faso","Male 5-14 yr","2002-2011","UN_Demographic and Health Surveys (DHS), Multiple Indicator Cluster Surveys (MICS) and other national surveys","Percent","42","1"
"Burkina Faso","Female 5-14 yr","2002-2011","UN_Demographic and Health Surveys (DHS), Multiple Indicator Cluster Surveys (MICS) and other national surveys","Percent","36","1"
"Burkina Faso","Total 5-14 yr","2002-2011","UN_Demographic and Health Surveys (DHS), Multiple Indicator Cluster Surveys (MICS) and other national surveys","Percent","39","1"
"Burundi","Male 5-14 yr","2002-2011","UN_Demographic and Health Surveys (DHS), Multiple Indicator Cluster Surveys (MICS) and other national surveys","Percent","26","1"
"Burundi","Female 5-14 yr","2002-2011","UN_Demographic and Health Surveys (DHS), Multiple Indicator Cluster Surveys (MICS) and other national surveys","Percent","27","1"
"Burundi","Total 5-14 yr","2002-2011","UN_Demographic and Health Surveys (DHS), Multiple Indicator Cluster Surveys (MICS) and other national surveys","Percent","26","1"
"Cambodia","Total 5-14 yr","2002-2011","UN_Demographic and Health Surveys (DHS), Multiple Indicator Cluster Surveys (MICS) and other national surveys","Percent","37","2"
"Cameroon","Male 5-14 yr","2002-2011","UN_Demographic and Health Surveys (DHS), Multiple Indicator Cluster Surveys (MICS) and other national surveys","Percent","31","1"
"Cameroon","Female 5-14 yr","2002-2011","UN_Demographic and Health Surveys (DHS), Multiple Indicator Cluster Surveys (MICS) and other national surveys","Percent","30","1"
"Cameroon","Total 5-14 yr","2002-2011","UN_Demographic and Health Surveys (DHS), Multiple Indicator Cluster Surveys (MICS) and other national surveys","Percent","31","1"
"Cape Verde","Male 5-14 yr","2002-2011","UN_Demographic and Health Surveys (DHS), Multiple Indicator Cluster Surveys (MICS) and other national surveys","Percent","4","4"
"Cape Verde","Female 5-14 yr","2002-2011","UN_Demographic and Health Surveys (DHS), Multiple Indicator Cluster Surveys (MICS) and other national surveys","Percent","3","4"
"Cape Verde","Total 5-14 yr","2002-2011","UN_Demographic and Health Surveys (DHS), Multiple Indicator Cluster Surveys (MICS) and other national surveys","Percent","3","4"
"CEE/CIS","Male 5-14 yr","2002-2011","UN_Demographic and Health Surveys (DHS), Multiple Indicator Cluster Surveys (MICS) and other national surveys","Percent","6","5"
"CEE/CIS","Female 5-14 yr","2002-2011","UN_Demographic and Health Surveys (DHS), Multiple Indicator Cluster Surveys (MICS) and other national surveys","Percent","4","5"
"CEE/CIS","Total 5-14 yr","2002-2011","UN_Demographic and Health Surveys (DHS), Multiple Indicator Cluster Surveys (MICS) and other national surveys","Percent","5","5"
"Central African Republic","Male 5-14 yr","2002-2011","UN_Demographic and Health Surveys (DHS), Multiple Indicator Cluster Surveys (MICS) and other national surveys","Percent","27","1"
"Central African Republic","Female 5-14 yr","2002-2011","UN_Demographic and Health Surveys (DHS), Multiple Indicator Cluster Surveys (MICS) and other national surveys","Percent","30","1"
"Central African Republic","Total 5-14 yr","2002-2011","UN_Demographic and Health Surveys (DHS), Multiple Indicator Cluster Surveys (MICS) and other national surveys","Percent","29","1"
"Chad","Male 5-14 yr","2002-2011","UN_Demographic and Health Surveys (DHS), Multiple Indicator Cluster Surveys (MICS) and other national surveys","Percent","25","1"
"Chad","Female 5-14 yr","2002-2011","UN_Demographic and Health Surveys (DHS), Multiple Indicator Cluster Surveys (MICS) and other national surveys","Percent","28","1"
"Chad","Total 5-14 yr","2002-2011","UN_Demographic and Health Surveys (DHS), Multiple Indicator Cluster Surveys (MICS) and other national surveys","Percent","26","1"
"Chile","Male 5-14 yr","2002-2011","UN_Demographic and Health Surveys (DHS), Multiple Indicator Cluster Surveys (MICS) and other national surveys","Percent","3","1"
"Chile","Female 5-14 yr","2002-2011","UN_Demographic and Health Surveys (DHS), Multiple Indicator Cluster Surveys (MICS) and other national surveys","Percent","2","1"
"Chile","Total 5-14 yr","2002-2011","UN_Demographic and Health Surveys (DHS), Multiple Indicator Cluster Surveys (MICS) and other national surveys","Percent","3","1"
"Colombia","Male 5-14 yr","2002-2011","UN_Demographic and Health Surveys (DHS), Multiple Indicator Cluster Surveys (MICS) and other national surveys","Percent","12","2"
"Colombia","Female 5-14 yr","2002-2011","UN_Demographic and Health Surveys (DHS), Multiple Indicator Cluster Surveys (MICS) and other national surveys","Percent","6","2"
"Colombia","Total 5-14 yr","2002-2011","UN_Demographic and Health Surveys (DHS), Multiple Indicator Cluster Surveys (MICS) and other national surveys","Percent","9","2"
"Comoros","Male 5-14 yr","2002-2011","UN_Demographic and Health Surveys (DHS), Multiple Indicator Cluster Surveys (MICS) and other national surveys","Percent","26","3"
"Comoros","Female 5-14 yr","2002-2011","UN_Demographic and Health Surveys (DHS), Multiple Indicator Cluster Surveys (MICS) and other national surveys","Percent","28","3"
"Comoros","Total 5-14 yr","2002-2011","UN_Demographic and Health Surveys (DHS), Multiple Indicator Cluster Surveys (MICS) and other national surveys","Percent","27","3"
"Congo","Male 5-14 yr","2002-2011","UN_Demographic and Health Surveys (DHS), Multiple Indicator Cluster Surveys (MICS) and other national surveys","Percent","24","1"
"Congo","Female 5-14 yr","2002-2011","UN_Demographic and Health Surveys (DHS), Multiple Indicator Cluster Surveys (MICS) and other national surveys","Percent","25","1"
"Congo","Total 5-14 yr","2002-2011","UN_Demographic and Health Surveys (DHS), Multiple Indicator Cluster Surveys (MICS) and other national surveys","Percent","25","1"
"Costa Rica","Male 5-14 yr","2002-2011","UN_Demographic and Health Surveys (DHS), Multiple Indicator Cluster Surveys (MICS) and other national surveys","Percent","6","1"
"Costa Rica","Female 5-14 yr","2002-2011","UN_Demographic and Health Surveys (DHS), Multiple Indicator Cluster Surveys (MICS) and other national surveys","Percent","3","1"
"Costa Rica","Total 5-14 yr","2002-2011","UN_Demographic and Health Surveys (DHS), Multiple Indicator Cluster Surveys (MICS) and other national surveys","Percent","5","1"
"Côte d'Ivoire","Male 5-14 yr","2002-2011","UN_Demographic and Health Surveys (DHS), Multiple Indicator Cluster Surveys (MICS) and other national surveys","Percent","36","1"
"Côte d'Ivoire","Female 5-14 yr","2002-2011","UN_Demographic and Health Surveys (DHS), Multiple Indicator Cluster Surveys (MICS) and other national surveys","Percent","34","1"
"Côte d'Ivoire","Total 5-14 yr","2002-2011","UN_Demographic and Health Surveys (DHS), Multiple Indicator Cluster Surveys (MICS) and other national surveys","Percent","35","1"
"Democratic Republic of the Congo","Male 5-14 yr","2002-2011","UN_Demographic and Health Surveys (DHS), Multiple Indicator Cluster Surveys (MICS) and other national surveys","Percent","13","1"
"Democratic Republic of the Congo","Female 5-14 yr","2002-2011","UN_Demographic and Health Surveys (DHS), Multiple Indicator Cluster Surveys (MICS) and other national surveys","Percent","17","1"
"Democratic Republic of the Congo","Total 5-14 yr","2002-2011","UN_Demographic and Health Surveys (DHS), Multiple Indicator Cluster Surveys (MICS) and other national surveys","Percent","15","1"
"Djibouti","Male 5-14 yr","2002-2011","UN_Demographic and Health Surveys (DHS), Multiple Indicator Cluster Surveys (MICS) and other national surveys","Percent","8","1"
"Djibouti","Female 5-14 yr","2002-2011","UN_Demographic and Health Surveys (DHS), Multiple Indicator Cluster Surveys (MICS) and other national surveys","Percent","8","1"
"Djibouti","Total 5-14 yr","2002-2011","UN_Demographic and Health Surveys (DHS), Multiple Indicator Cluster Surveys (MICS) and other national surveys","Percent","8","1"
"Dominican Republic","Male 5-14 yr","2002-2011","UN_Demographic and Health Surveys (DHS), Multiple Indicator Cluster Surveys (MICS) and other national surveys","Percent","18","1"
"Dominican Republic","Female 5-14 yr","2002-2011","UN_Demographic and Health Surveys (DHS), Multiple Indicator Cluster Surveys (MICS) and other national surveys","Percent","8","1"
"Dominican Republic","Total 5-14 yr","2002-2011","UN_Demographic and Health Surveys (DHS), Multiple Indicator Cluster Surveys (MICS) and other national surveys","Percent","13","1"
"East Asia and Pacific","Male 5-14 yr","2002-2011","UN_Demographic and Health Surveys (DHS), Multiple Indicator Cluster Surveys (MICS) and other national surveys","Percent","8","6"
"East Asia and Pacific","Female 5-14 yr","2002-2011","UN_Demographic and Health Surveys (DHS), Multiple Indicator Cluster Surveys (MICS) and other national surveys","Percent","7","6"
"East Asia and Pacific","Total 5-14 yr","2002-2011","UN_Demographic and Health Surveys (DHS), Multiple Indicator Cluster Surveys (MICS) and other national surveys","Percent","8","6"
"Eastern and Southern Africa","Male 5-14 yr","2002-2011","UN_Demographic and Health Surveys (DHS), Multiple Indicator Cluster Surveys (MICS) and other national surveys","Percent","28","5"
"Eastern and Southern Africa","Female 5-14 yr","2002-2011","UN_Demographic and Health Surveys (DHS), Multiple Indicator Cluster Surveys (MICS) and other national surveys","Percent","25","5"
"Eastern and Southern Africa","Total 5-14 yr","2002-2011","UN_Demographic and Health Surveys (DHS), Multiple Indicator Cluster Surveys (MICS) and other national surveys","Percent","27","5"
"Ecuador","Male 5-14 yr","2002-2011","UN_Demographic and Health Surveys (DHS), Multiple Indicator Cluster Surveys (MICS) and other national surveys","Percent","7","1"
"Ecuador","Female 5-14 yr","2002-2011","UN_Demographic and Health Surveys (DHS), Multiple Indicator Cluster Surveys (MICS) and other national surveys","Percent","8","1"
"Ecuador","Total 5-14 yr","2002-2011","UN_Demographic and Health Surveys (DHS), Multiple Indicator Cluster Surveys (MICS) and other national surveys","Percent","8","1"
"Egypt","Male 5-14 yr","2002-2011","UN_Demographic and Health Surveys (DHS), Multiple Indicator Cluster Surveys (MICS) and other national surveys","Percent","8","1"
"Egypt","Female 5-14 yr","2002-2011","UN_Demographic and Health Surveys (DHS), Multiple Indicator Cluster Surveys (MICS) and other national surveys","Percent","5","1"
"Egypt","Total 5-14 yr","2002-2011","UN_Demographic and Health Surveys (DHS), Multiple Indicator Cluster Surveys (MICS) and other national surveys","Percent","7","1"
"El Salvador","Male 5-14 yr","2002-2011","UN_Demographic and Health Surveys (DHS), Multiple Indicator Cluster Surveys (MICS) and other national surveys","Percent","7","2"
"El Salvador","Female 5-14 yr","2002-2011","UN_Demographic and Health Surveys (DHS), Multiple Indicator Cluster Surveys (MICS) and other national surveys","Percent","3","2"
"El Salvador","Total 5-14 yr","2002-2011","UN_Demographic and Health Surveys (DHS), Multiple Indicator Cluster Surveys (MICS) and other national surveys","Percent","5","2"
"Equatorial Guinea","Male 5-14 yr","2002-2011","UN_Demographic and Health Surveys (DHS), Multiple Indicator Cluster Surveys (MICS) and other national surveys","Percent","28","3"
"Equatorial Guinea","Female 5-14 yr","2002-2011","UN_Demographic and Health Surveys (DHS), Multiple Indicator Cluster Surveys (MICS) and other national surveys","Percent","28","3"
"Equatorial Guinea","Total 5-14 yr","2002-2011","UN_Demographic and Health Surveys (DHS), Multiple Indicator Cluster Surveys (MICS) and other national surveys","Percent","28","3"
"Ethiopia","Male 5-14 yr","2002-2011","UN_Demographic and Health Surveys (DHS), Multiple Indicator Cluster Surveys (MICS) and other national surveys","Percent","31","2"
"Ethiopia","Female 5-14 yr","2002-2011","UN_Demographic and Health Surveys (DHS), Multiple Indicator Cluster Surveys (MICS) and other national surveys","Percent","24","2"
"Ethiopia","Total 5-14 yr","2002-2011","UN_Demographic and Health Surveys (DHS), Multiple Indicator Cluster Surveys (MICS) and other national surveys","Percent","27","2"
"Gambia","Male 5-14 yr","2002-2011","UN_Demographic and Health Surveys (DHS), Multiple Indicator Cluster Surveys (MICS) and other national surveys","Percent","21","1"
"Gambia","Female 5-14 yr","2002-2011","UN_Demographic and Health Surveys (DHS), Multiple Indicator Cluster Surveys (MICS) and other national surveys","Percent","18","1"
"Gambia","Total 5-14 yr","2002-2011","UN_Demographic and Health Surveys (DHS), Multiple Indicator Cluster Surveys (MICS) and other national surveys","Percent","19","1"
"Georgia","Male 5-14 yr","2002-2011","UN_Demographic and Health Surveys (DHS), Multiple Indicator Cluster Surveys (MICS) and other national surveys","Percent","20","1"
"Georgia","Female 5-14 yr","2002-2011","UN_Demographic and Health Surveys (DHS), Multiple Indicator Cluster Surveys (MICS) and other national surveys","Percent","17","1"
"Georgia","Total 5-14 yr","2002-2011","UN_Demographic and Health Surveys (DHS), Multiple Indicator Cluster Surveys (MICS) and other national surveys","Percent","18","1"
"Ghana","Male 5-14 yr","2002-2011","UN_Demographic and Health Surveys (DHS), Multiple Indicator Cluster Surveys (MICS) and other national surveys","Percent","34","1"
"Ghana","Female 5-14 yr","2002-2011","UN_Demographic and Health Surveys (DHS), Multiple Indicator Cluster Surveys (MICS) and other national surveys","Percent","34","1"
"Ghana","Total 5-14 yr","2002-2011","UN_Demographic and Health Surveys (DHS), Multiple Indicator Cluster Surveys (MICS) and other national surveys","Percent","34","1"
"Guatemala","Total 5-14 yr","2002-2011","UN_Demographic and Health Surveys (DHS), Multiple Indicator Cluster Surveys (MICS) and other national surveys","Percent","21","2"
"Guinea","Male 5-14 yr","2002-2011","UN_Demographic and Health Surveys (DHS), Multiple Indicator Cluster Surveys (MICS) and other national surveys","Percent","26","1"
"Guinea","Female 5-14 yr","2002-2011","UN_Demographic and Health Surveys (DHS), Multiple Indicator Cluster Surveys (MICS) and other national surveys","Percent","24","1"
"Guinea","Total 5-14 yr","2002-2011","UN_Demographic and Health Surveys (DHS), Multiple Indicator Cluster Surveys (MICS) and other national surveys","Percent","25","1"
"Guinea-Bissau","Male 5-14 yr","2002-2011","UN_Demographic and Health Surveys (DHS), Multiple Indicator Cluster Surveys (MICS) and other national surveys","Percent","40","1"
"Guinea-Bissau","Female 5-14 yr","2002-2011","UN_Demographic and Health Surveys (DHS), Multiple Indicator Cluster Surveys (MICS) and other national surveys","Percent","36","1"
"Guinea-Bissau","Total 5-14 yr","2002-2011","UN_Demographic and Health Surveys (DHS), Multiple Indicator Cluster Surveys (MICS) and other national surveys","Percent","38","1"
"Guyana","Male 5-14 yr","2002-2011","UN_Demographic and Health Surveys (DHS), Multiple Indicator Cluster Surveys (MICS) and other national surveys","Percent","17","1"
"Guyana","Female 5-14 yr","2002-2011","UN_Demographic and Health Surveys (DHS), Multiple Indicator Cluster Surveys (MICS) and other national surveys","Percent","16","1"
"Guyana","Total 5-14 yr","2002-2011","UN_Demographic and Health Surveys (DHS), Multiple Indicator Cluster Surveys (MICS) and other national surveys","Percent","16","1"
"Haiti","Male 5-14 yr","2002-2011","UN_Demographic and Health Surveys (DHS), Multiple Indicator Cluster Surveys (MICS) and other national surveys","Percent","22","1"
"Haiti","Female 5-14 yr","2002-2011","UN_Demographic and Health Surveys (DHS), Multiple Indicator Cluster Surveys (MICS) and other national surveys","Percent","19","1"
"Haiti","Total 5-14 yr","2002-2011","UN_Demographic and Health Surveys (DHS), Multiple Indicator Cluster Surveys (MICS) and other national surveys","Percent","21","1"
"Honduras","Male 5-14 yr","2002-2011","UN_Demographic and Health Surveys (DHS), Multiple Indicator Cluster Surveys (MICS) and other national surveys","Percent","16","1"
"Honduras","Female 5-14 yr","2002-2011","UN_Demographic and Health Surveys (DHS), Multiple Indicator Cluster Surveys (MICS) and other national surveys","Percent","15","1"
"Honduras","Total 5-14 yr","2002-2011","UN_Demographic and Health Surveys (DHS), Multiple Indicator Cluster Surveys (MICS) and other national surveys","Percent","16","1"
"India","Male 5-14 yr","2002-2011","UN_Demographic and Health Surveys (DHS), Multiple Indicator Cluster Surveys (MICS) and other national surveys","Percent","12","1"
"India","Female 5-14 yr","2002-2011","UN_Demographic and Health Surveys (DHS), Multiple Indicator Cluster Surveys (MICS) and other national surveys","Percent","12","1"
"India","Total 5-14 yr","2002-2011","UN_Demographic and Health Surveys (DHS), Multiple Indicator Cluster Surveys (MICS) and other national surveys","Percent","12","1"
"Indonesia","Male 5-14 yr","2002-2011","UN_Demographic and Health Surveys (DHS), Multiple Indicator Cluster Surveys (MICS) and other national surveys","Percent","8","2"
"Indonesia","Female 5-14 yr","2002-2011","UN_Demographic and Health Surveys (DHS), Multiple Indicator Cluster Surveys (MICS) and other national surveys","Percent","6","2"
"Indonesia","Total 5-14 yr","2002-2011","UN_Demographic and Health Surveys (DHS), Multiple Indicator Cluster Surveys (MICS) and other national surveys","Percent","7","2"
"Iraq","Male 5-14 yr","2002-2011","UN_Demographic and Health Surveys (DHS), Multiple Indicator Cluster Surveys (MICS) and other national surveys","Percent","12","1"
"Iraq","Female 5-14 yr","2002-2011","UN_Demographic and Health Surveys (DHS), Multiple Indicator Cluster Surveys (MICS) and other national surveys","Percent","9","1"
"Iraq","Total 5-14 yr","2002-2011","UN_Demographic and Health Surveys (DHS), Multiple Indicator Cluster Surveys (MICS) and other national surveys","Percent","11","1"
"Jamaica","Male 5-14 yr","2002-2011","UN_Demographic and Health Surveys (DHS), Multiple Indicator Cluster Surveys (MICS) and other national surveys","Percent","7","1"
"Jamaica","Female 5-14 yr","2002-2011","UN_Demographic and Health Surveys (DHS), Multiple Indicator Cluster Surveys (MICS) and other national surveys","Percent","5","1"
"Jamaica","Total 5-14 yr","2002-2011","UN_Demographic and Health Surveys (DHS), Multiple Indicator Cluster Surveys (MICS) and other national surveys","Percent","6","1"
"Jordan","Male 5-14 yr","2002-2011","UN_Demographic and Health Surveys (DHS), Multiple Indicator Cluster Surveys (MICS) and other national surveys","Percent","3","2"
"Jordan","Female 5-14 yr","2002-2011","UN_Demographic and Health Surveys (DHS), Multiple Indicator Cluster Surveys (MICS) and other national surveys","Percent","0","2"
"Jordan","Total 5-14 yr","2002-2011","UN_Demographic and Health Surveys (DHS), Multiple Indicator Cluster Surveys (MICS) and other national surveys","Percent","2","2"
"Kazakhstan","Male 5-14 yr","2002-2011","UN_Demographic and Health Surveys (DHS), Multiple Indicator Cluster Surveys (MICS) and other national surveys","Percent","2","1"
"Kazakhstan","Female 5-14 yr","2002-2011","UN_Demographic and Health Surveys (DHS), Multiple Indicator Cluster Surveys (MICS) and other national surveys","Percent","2","1"
"Kazakhstan","Total 5-14 yr","2002-2011","UN_Demographic and Health Surveys (DHS), Multiple Indicator Cluster Surveys (MICS) and other national surveys","Percent","2","1"
"Kenya","Male 5-14 yr","2002-2011","UN_Demographic and Health Surveys (DHS), Multiple Indicator Cluster Surveys (MICS) and other national surveys","Percent","27","3"
"Kenya","Female 5-14 yr","2002-2011","UN_Demographic and Health Surveys (DHS), Multiple Indicator Cluster Surveys (MICS) and other national surveys","Percent","25","3"
"Kenya","Total 5-14 yr","2002-2011","UN_Demographic and Health Surveys (DHS), Multiple Indicator Cluster Surveys (MICS) and other national surveys","Percent","26","3"
"Kyrgyzstan","Male 5-14 yr","2002-2011","UN_Demographic and Health Surveys (DHS), Multiple Indicator Cluster Surveys (MICS) and other national surveys","Percent","4","1"
"Kyrgyzstan","Female 5-14 yr","2002-2011","UN_Demographic and Health Surveys (DHS), Multiple Indicator Cluster Surveys (MICS) and other national surveys","Percent","3","1"
"Kyrgyzstan","Total 5-14 yr","2002-2011","UN_Demographic and Health Surveys (DHS), Multiple Indicator Cluster Surveys (MICS) and other national surveys","Percent","4","1"
"Lao People's Democratic Republic","Male 5-14 yr","2002-2011","UN_Demographic and Health Surveys (DHS), Multiple Indicator Cluster Surveys (MICS) and other national surveys","Percent","10","1"
"Lao People's Democratic Republic","Female 5-14 yr","2002-2011","UN_Demographic and Health Surveys (DHS), Multiple Indicator Cluster Surveys (MICS) and other national surveys","Percent","13","1"
"Lao People's Democratic Republic","Total 5-14 yr","2002-2011","UN_Demographic and Health Surveys (DHS), Multiple Indicator Cluster Surveys (MICS) and other national surveys","Percent","11","1"
"Latin America and Caribbean","Male 5-14 yr","2002-2011","UN_Demographic and Health Surveys (DHS), Multiple Indicator Cluster Surveys (MICS) and other national surveys","Percent","9","5"
"Latin America and Caribbean","Female 5-14 yr","2002-2011","UN_Demographic and Health Surveys (DHS), Multiple Indicator Cluster Surveys (MICS) and other national surveys","Percent","7","5"
"Latin America and Caribbean","Total 5-14 yr","2002-2011","UN_Demographic and Health Surveys (DHS), Multiple Indicator Cluster Surveys (MICS) and other national surveys","Percent","9","5"
"Least Developed Countries/Territories","Male 5-14 yr","2002-2011","UN_Demographic and Health Surveys (DHS), Multiple Indicator Cluster Surveys (MICS) and other national surveys","Percent","24","5"
"Least Developed Countries/Territories","Female 5-14 yr","2002-2011","UN_Demographic and Health Surveys (DHS), Multiple Indicator Cluster Surveys (MICS) and other national surveys","Percent","22","5"
"Least Developed Countries/Territories","Total 5-14 yr","2002-2011","UN_Demographic and Health Surveys (DHS), Multiple Indicator Cluster Surveys (MICS) and other national surveys","Percent","23","5"
"Lebanon","Male 5-14 yr","2002-2011","UN_Demographic and Health Surveys (DHS), Multiple Indicator Cluster Surveys (MICS) and other national surveys","Percent","3","1"
"Lebanon","Female 5-14 yr","2002-2011","UN_Demographic and Health Surveys (DHS), Multiple Indicator Cluster Surveys (MICS) and other national surveys","Percent","1","1"
"Lebanon","Total 5-14 yr","2002-2011","UN_Demographic and Health Surveys (DHS), Multiple Indicator Cluster Surveys (MICS) and other national surveys","Percent","2","1"
"Lesotho","Male 5-14 yr","2002-2011","UN_Demographic and Health Surveys (DHS), Multiple Indicator Cluster Surveys (MICS) and other national surveys","Percent","25","3"
"Lesotho","Female 5-14 yr","2002-2011","UN_Demographic and Health Surveys (DHS), Multiple Indicator Cluster Surveys (MICS) and other national surveys","Percent","21","3"
"Lesotho","Total 5-14 yr","2002-2011","UN_Demographic and Health Surveys (DHS), Multiple Indicator Cluster Surveys (MICS) and other national surveys","Percent","23","3"
"Liberia","Male 5-14 yr","2002-2011","UN_Demographic and Health Surveys (DHS), Multiple Indicator Cluster Surveys (MICS) and other national surveys","Percent","21","1"
"Liberia","Female 5-14 yr","2002-2011","UN_Demographic and Health Surveys (DHS), Multiple Indicator Cluster Surveys (MICS) and other national surveys","Percent","21","1"
"Liberia","Total 5-14 yr","2002-2011","UN_Demographic and Health Surveys (DHS), Multiple Indicator Cluster Surveys (MICS) and other national surveys","Percent","21","1"
"Madagascar","Male 5-14 yr","2002-2011","UN_Demographic and Health Surveys (DHS), Multiple Indicator Cluster Surveys (MICS) and other national surveys","Percent","29","2"
"Madagascar","Female 5-14 yr","2002-2011","UN_Demographic and Health Surveys (DHS), Multiple Indicator Cluster Surveys (MICS) and other national surveys","Percent","27","2"
"Madagascar","Total 5-14 yr","2002-2011","UN_Demographic and Health Surveys (DHS), Multiple Indicator Cluster Surveys (MICS) and other national surveys","Percent","28","2"
"Malawi","Male 5-14 yr","2002-2011","UN_Demographic and Health Surveys (DHS), Multiple Indicator Cluster Surveys (MICS) and other national surveys","Percent","25","1"
"Malawi","Female 5-14 yr","2002-2011","UN_Demographic and Health Surveys (DHS), Multiple Indicator Cluster Surveys (MICS) and other national surveys","Percent","26","1"
"Malawi","Total 5-14 yr","2002-2011","UN_Demographic and Health Surveys (DHS), Multiple Indicator Cluster Surveys (MICS) and other national surveys","Percent","26","1"
"Mali","Male 5-14 yr","2002-2011","UN_Demographic and Health Surveys (DHS), Multiple Indicator Cluster Surveys (MICS) and other national surveys","Percent","22","1"
"Mali","Female 5-14 yr","2002-2011","UN_Demographic and Health Surveys (DHS), Multiple Indicator Cluster Surveys (MICS) and other national surveys","Percent","21","1"
"Mali","Total 5-14 yr","2002-2011","UN_Demographic and Health Surveys (DHS), Multiple Indicator Cluster Surveys (MICS) and other national surveys","Percent","21","1"
"Mauritania","Male 5-14 yr","2002-2011","UN_Demographic and Health Surveys (DHS), Multiple Indicator Cluster Surveys (MICS) and other national surveys","Percent","18","1"
"Mauritania","Female 5-14 yr","2002-2011","UN_Demographic and Health Surveys (DHS), Multiple Indicator Cluster Surveys (MICS) and other national surveys","Percent","15","1"
"Mauritania","Total 5-14 yr","2002-2011","UN_Demographic and Health Surveys (DHS), Multiple Indicator Cluster Surveys (MICS) and other national surveys","Percent","16","1"
"Mexico","Male 5-14 yr","2002-2011","UN_Demographic and Health Surveys (DHS), Multiple Indicator Cluster Surveys (MICS) and other national surveys","Percent","6","1"
"Mexico","Female 5-14 yr","2002-2011","UN_Demographic and Health Surveys (DHS), Multiple Indicator Cluster Surveys (MICS) and other national surveys","Percent","5","1"
"Mexico","Total 5-14 yr","2002-2011","UN_Demographic and Health Surveys (DHS), Multiple Indicator Cluster Surveys (MICS) and other national surveys","Percent","5","1"
"Middle East and North Africa","Male 5-14 yr","2002-2011","UN_Demographic and Health Surveys (DHS), Multiple Indicator Cluster Surveys (MICS) and other national surveys","Percent","10","5"
"Middle East and North Africa","Female 5-14 yr","2002-2011","UN_Demographic and Health Surveys (DHS), Multiple Indicator Cluster Surveys (MICS) and other national surveys","Percent","8","5"
"Middle East and North Africa","Total 5-14 yr","2002-2011","UN_Demographic and Health Surveys (DHS), Multiple Indicator Cluster Surveys (MICS) and other national surveys","Percent","9","5"
"Mongolia","Male 5-14 yr","2002-2011","UN_Demographic and Health Surveys (DHS), Multiple Indicator Cluster Surveys (MICS) and other national surveys","Percent","10","1"
"Mongolia","Female 5-14 yr","2002-2011","UN_Demographic and Health Surveys (DHS), Multiple Indicator Cluster Surveys (MICS) and other national surveys","Percent","11","1"
"Mongolia","Total 5-14 yr","2002-2011","UN_Demographic and Health Surveys (DHS), Multiple Indicator Cluster Surveys (MICS) and other national surveys","Percent","10","1"
"Montenegro","Male 5-14 yr","2002-2011","UN_Demographic and Health Surveys (DHS), Multiple Indicator Cluster Surveys (MICS) and other national surveys","Percent","12","1"
"Montenegro","Female 5-14 yr","2002-2011","UN_Demographic and Health Surveys (DHS), Multiple Indicator Cluster Surveys (MICS) and other national surveys","Percent","8","1"
"Montenegro","Total 5-14 yr","2002-2011","UN_Demographic and Health Surveys (DHS), Multiple Indicator Cluster Surveys (MICS) and other national surveys","Percent","10","1"
"Morocco","Male 5-14 yr","2002-2011","UN_Demographic and Health Surveys (DHS), Multiple Indicator Cluster Surveys (MICS) and other national surveys","Percent","9","1"
"Morocco","Female 5-14 yr","2002-2011","UN_Demographic and Health Surveys (DHS), Multiple Indicator Cluster Surveys (MICS) and other national surveys","Percent","8","1"
"Morocco","Total 5-14 yr","2002-2011","UN_Demographic and Health Surveys (DHS), Multiple Indicator Cluster Surveys (MICS) and other national surveys","Percent","8","1"
"Mozambique","Male 5-14 yr","2002-2011","UN_Demographic and Health Surveys (DHS), Multiple Indicator Cluster Surveys (MICS) and other national surveys","Percent","21","1"
"Mozambique","Female 5-14 yr","2002-2011","UN_Demographic and Health Surveys (DHS), Multiple Indicator Cluster Surveys (MICS) and other national surveys","Percent","24","1"
"Mozambique","Total 5-14 yr","2002-2011","UN_Demographic and Health Surveys (DHS), Multiple Indicator Cluster Surveys (MICS) and other national surveys","Percent","22","1"
"Nepal","Male 5-14 yr","2002-2011","UN_Demographic and Health Surveys (DHS), Multiple Indicator Cluster Surveys (MICS) and other national surveys","Percent","30","2"
"Nepal","Female 5-14 yr","2002-2011","UN_Demographic and Health Surveys (DHS), Multiple Indicator Cluster Surveys (MICS) and other national surveys","Percent","38","2"
"Nepal","Total 5-14 yr","2002-2011","UN_Demographic and Health Surveys (DHS), Multiple Indicator Cluster Surveys (MICS) and other national surveys","Percent","34","2"
"Nicaragua","Male 5-14 yr","2002-2011","UN_Demographic and Health Surveys (DHS), Multiple Indicator Cluster Surveys (MICS) and other national surveys","Percent","18","3"
"Nicaragua","Female 5-14 yr","2002-2011","UN_Demographic and Health Surveys (DHS), Multiple Indicator Cluster Surveys (MICS) and other national surveys","Percent","11","3"
"Nicaragua","Total 5-14 yr","2002-2011","UN_Demographic and Health Surveys (DHS), Multiple Indicator Cluster Surveys (MICS) and other national surveys","Percent","15","3"
"Niger","Male 5-14 yr","2002-2011","UN_Demographic and Health Surveys (DHS), Multiple Indicator Cluster Surveys (MICS) and other national surveys","Percent","43","1"
"Niger","Female 5-14 yr","2002-2011","UN_Demographic and Health Surveys (DHS), Multiple Indicator Cluster Surveys (MICS) and other national surveys","Percent","43","1"
"Niger","Total 5-14 yr","2002-2011","UN_Demographic and Health Surveys (DHS), Multiple Indicator Cluster Surveys (MICS) and other national surveys","Percent","43","1"
"Nigeria","Male 5-14 yr","2002-2011","UN_Demographic and Health Surveys (DHS), Multiple Indicator Cluster Surveys (MICS) and other national surveys","Percent","29","1"
"Nigeria","Female 5-14 yr","2002-2011","UN_Demographic and Health Surveys (DHS), Multiple Indicator Cluster Surveys (MICS) and other national surveys","Percent","29","1"
"Nigeria","Total 5-14 yr","2002-2011","UN_Demographic and Health Surveys (DHS), Multiple Indicator Cluster Surveys (MICS) and other national surveys","Percent","29","1"
"Panama","Male 5-14 yr","2002-2011","UN_Demographic and Health Surveys (DHS), Multiple Indicator Cluster Surveys (MICS) and other national surveys","Percent","10","2"
"Panama","Female 5-14 yr","2002-2011","UN_Demographic and Health Surveys (DHS), Multiple Indicator Cluster Surveys (MICS) and other national surveys","Percent","4","2"
"Panama","Total 5-14 yr","2002-2011","UN_Demographic and Health Surveys (DHS), Multiple Indicator Cluster Surveys (MICS) and other national surveys","Percent","7","2"
"Paraguay","Male 5-14 yr","2002-2011","UN_Demographic and Health Surveys (DHS), Multiple Indicator Cluster Surveys (MICS) and other national surveys","Percent","17","1"
"Paraguay","Female 5-14 yr","2002-2011","UN_Demographic and Health Surveys (DHS), Multiple Indicator Cluster Surveys (MICS) and other national surveys","Percent","12","1"
"Paraguay","Total 5-14 yr","2002-2011","UN_Demographic and Health Surveys (DHS), Multiple Indicator Cluster Surveys (MICS) and other national surveys","Percent","15","1"
"Peru","Male 5-14 yr","2002-2011","UN_Demographic and Health Surveys (DHS), Multiple Indicator Cluster Surveys (MICS) and other national surveys","Percent","31","2"
"Peru","Female 5-14 yr","2002-2011","UN_Demographic and Health Surveys (DHS), Multiple Indicator Cluster Surveys (MICS) and other national surveys","Percent","36","2"
"Peru","Total 5-14 yr","2002-2011","UN_Demographic and Health Surveys (DHS), Multiple Indicator Cluster Surveys (MICS) and other national surveys","Percent","34","2"
"Portugal","Male 5-14 yr","2002-2011","UN_Demographic and Health Surveys (DHS), Multiple Indicator Cluster Surveys (MICS) and other national surveys","Percent","4","4"
"Portugal","Female 5-14 yr","2002-2011","UN_Demographic and Health Surveys (DHS), Multiple Indicator Cluster Surveys (MICS) and other national surveys","Percent","3","4"
"Portugal","Total 5-14 yr","2002-2011","UN_Demographic and Health Surveys (DHS), Multiple Indicator Cluster Surveys (MICS) and other national surveys","Percent","3","4"
"Republic of Moldova","Male 5-14 yr","2002-2011","UN_Demographic and Health Surveys (DHS), Multiple Indicator Cluster Surveys (MICS) and other national surveys","Percent","20","1"
"Republic of Moldova","Female 5-14 yr","2002-2011","UN_Demographic and Health Surveys (DHS), Multiple Indicator Cluster Surveys (MICS) and other national surveys","Percent","12","1"
"Republic of Moldova","Total 5-14 yr","2002-2011","UN_Demographic and Health Surveys (DHS), Multiple Indicator Cluster Surveys (MICS) and other national surveys","Percent","16","1"
"Romania","Male 5-14 yr","2002-2011","UN_Demographic and Health Surveys (DHS), Multiple Indicator Cluster Surveys (MICS) and other national surveys","Percent","1","3"
"Romania","Female 5-14 yr","2002-2011","UN_Demographic and Health Surveys (DHS), Multiple Indicator Cluster Surveys (MICS) and other national surveys","Percent","1","3"
"Romania","Total 5-14 yr","2002-2011","UN_Demographic and Health Surveys (DHS), Multiple Indicator Cluster Surveys (MICS) and other national surveys","Percent","1","3"
"Rwanda","Male 5-14 yr","2002-2011","UN_Demographic and Health Surveys (DHS), Multiple Indicator Cluster Surveys (MICS) and other national surveys","Percent","27","1"
"Rwanda","Female 5-14 yr","2002-2011","UN_Demographic and Health Surveys (DHS), Multiple Indicator Cluster Surveys (MICS) and other national surveys","Percent","30","1"
"Rwanda","Total 5-14 yr","2002-2011","UN_Demographic and Health Surveys (DHS), Multiple Indicator Cluster Surveys (MICS) and other national surveys","Percent","29","1"
"Sao Tome and Principe","Male 5-14 yr","2002-2011","UN_Demographic and Health Surveys (DHS), Multiple Indicator Cluster Surveys (MICS) and other national surveys","Percent","8","1"
"Sao Tome and Principe","Female 5-14 yr","2002-2011","UN_Demographic and Health Surveys (DHS), Multiple Indicator Cluster Surveys (MICS) and other national surveys","Percent","7","1"
"Sao Tome and Principe","Total 5-14 yr","2002-2011","UN_Demographic and Health Surveys (DHS), Multiple Indicator Cluster Surveys (MICS) and other national surveys","Percent","8","1"
"Senegal","Male 5-14 yr","2002-2011","UN_Demographic and Health Surveys (DHS), Multiple Indicator Cluster Surveys (MICS) and other national surveys","Percent","18","2"
"Senegal","Female 5-14 yr","2002-2011","UN_Demographic and Health Surveys (DHS), Multiple Indicator Cluster Surveys (MICS) and other national surveys","Percent","16","2"
"Senegal","Total 5-14 yr","2002-2011","UN_Demographic and Health Surveys (DHS), Multiple Indicator Cluster Surveys (MICS) and other national surveys","Percent","17","2"
"Serbia","Male 5-14 yr","2002-2011","UN_Demographic and Health Surveys (DHS), Multiple Indicator Cluster Surveys (MICS) and other national surveys","Percent","5","1"
"Serbia","Female 5-14 yr","2002-2011","UN_Demographic and Health Surveys (DHS), Multiple Indicator Cluster Surveys (MICS) and other national surveys","Percent","4","1"
"Serbia","Total 5-14 yr","2002-2011","UN_Demographic and Health Surveys (DHS), Multiple Indicator Cluster Surveys (MICS) and other national surveys","Percent","4","1"
"Sierra Leone","Male 5-14 yr","2002-2011","UN_Demographic and Health Surveys (DHS), Multiple Indicator Cluster Surveys (MICS) and other national surveys","Percent","27","1"
"Sierra Leone","Female 5-14 yr","2002-2011","UN_Demographic and Health Surveys (DHS), Multiple Indicator Cluster Surveys (MICS) and other national surveys","Percent","25","1"
"Sierra Leone","Total 5-14 yr","2002-2011","UN_Demographic and Health Surveys (DHS), Multiple Indicator Cluster Surveys (MICS) and other national surveys","Percent","26","1"
"Somalia","Male 5-14 yr","2002-2011","UN_Demographic and Health Surveys (DHS), Multiple Indicator Cluster Surveys (MICS) and other national surveys","Percent","45","1"
"Somalia","Female 5-14 yr","2002-2011","UN_Demographic and Health Surveys (DHS), Multiple Indicator Cluster Surveys (MICS) and other national surveys","Percent","54","1"
"Somalia","Total 5-14 yr","2002-2011","UN_Demographic and Health Surveys (DHS), Multiple Indicator Cluster Surveys (MICS) and other national surveys","Percent","49","1"
"South Asia","Male 5-14 yr","2002-2011","UN_Demographic and Health Surveys (DHS), Multiple Indicator Cluster Surveys (MICS) and other national surveys","Percent","13","5"
"South Asia","Female 5-14 yr","2002-2011","UN_Demographic and Health Surveys (DHS), Multiple Indicator Cluster Surveys (MICS) and other national surveys","Percent","12","5"
"South Asia","Total 5-14 yr","2002-2011","UN_Demographic and Health Surveys (DHS), Multiple Indicator Cluster Surveys (MICS) and other national surveys","Percent","12","1"
"Sub-Saharan Africa","Male 5-14 yr","2002-2011","UN_Demographic and Health Surveys (DHS), Multiple Indicator Cluster Surveys (MICS) and other national surveys","Percent","28","5"
"Sub-Saharan Africa","Female 5-14 yr","2002-2011","UN_Demographic and Health Surveys (DHS), Multiple Indicator Cluster Surveys (MICS) and other national surveys","Percent","26","5"
"Sub-Saharan Africa","Total 5-14 yr","2002-2011","UN_Demographic and Health Surveys (DHS), Multiple Indicator Cluster Surveys (MICS) and other national surveys","Percent","27","5"
"Sudan (pre-cession)","Male 5-14 yr","2002-2011","UN_Demographic and Health Surveys (DHS), Multiple Indicator Cluster Surveys (MICS) and other national surveys","Percent","14","7"
"Sudan (pre-cession)","Female 5-14 yr","2002-2011","UN_Demographic and Health Surveys (DHS), Multiple Indicator Cluster Surveys (MICS) and other national surveys","Percent","12","7"
"Sudan (pre-cession)","Total 5-14 yr","2002-2011","UN_Demographic and Health Surveys (DHS), Multiple Indicator Cluster Surveys (MICS) and other national surveys","Percent","13","7"
"Suriname","Male 5-14 yr","2002-2011","UN_Demographic and Health Surveys (DHS), Multiple Indicator Cluster Surveys (MICS) and other national surveys","Percent","7","1"
"Suriname","Female 5-14 yr","2002-2011","UN_Demographic and Health Surveys (DHS), Multiple Indicator Cluster Surveys (MICS) and other national surveys","Percent","5","1"
"Suriname","Total 5-14 yr","2002-2011","UN_Demographic and Health Surveys (DHS), Multiple Indicator Cluster Surveys (MICS) and other national surveys","Percent","6","1"
"Swaziland","Male 5-14 yr","2002-2011","UN_Demographic and Health Surveys (DHS), Multiple Indicator Cluster Surveys (MICS) and other national surveys","Percent","8","1"
"Swaziland","Female 5-14 yr","2002-2011","UN_Demographic and Health Surveys (DHS), Multiple Indicator Cluster Surveys (MICS) and other national surveys","Percent","7","1"
"Swaziland","Total 5-14 yr","2002-2011","UN_Demographic and Health Surveys (DHS), Multiple Indicator Cluster Surveys (MICS) and other national surveys","Percent","7","1"
"Syrian Arab Republic","Male 5-14 yr","2002-2011","UN_Demographic and Health Surveys (DHS), Multiple Indicator Cluster Surveys (MICS) and other national surveys","Percent","5","1"
"Syrian Arab Republic","Female 5-14 yr","2002-2011","UN_Demographic and Health Surveys (DHS), Multiple Indicator Cluster Surveys (MICS) and other national surveys","Percent","3","1"
"Syrian Arab Republic","Total 5-14 yr","2002-2011","UN_Demographic and Health Surveys (DHS), Multiple Indicator Cluster Surveys (MICS) and other national surveys","Percent","4","1"
"Tajikistan","Male 5-14 yr","2002-2011","UN_Demographic and Health Surveys (DHS), Multiple Indicator Cluster Surveys (MICS) and other national surveys","Percent","9","1"
"Tajikistan","Female 5-14 yr","2002-2011","UN_Demographic and Health Surveys (DHS), Multiple Indicator Cluster Surveys (MICS) and other national surveys","Percent","11","1"
"Tajikistan","Total 5-14 yr","2002-2011","UN_Demographic and Health Surveys (DHS), Multiple Indicator Cluster Surveys (MICS) and other national surveys","Percent","10","1"
"Thailand","Male 5-14 yr","2002-2011","UN_Demographic and Health Surveys (DHS), Multiple Indicator Cluster Surveys (MICS) and other national surveys","Percent","8","1"
"Thailand","Female 5-14 yr","2002-2011","UN_Demographic and Health Surveys (DHS), Multiple Indicator Cluster Surveys (MICS) and other national surveys","Percent","8","1"
"Thailand","Total 5-14 yr","2002-2011","UN_Demographic and Health Surveys (DHS), Multiple Indicator Cluster Surveys (MICS) and other national surveys","Percent","8","1"
"The former Yugoslav Republic of Macedonia","Male 5-14 yr","2002-2011","UN_Demographic and Health Surveys (DHS), Multiple Indicator Cluster Surveys (MICS) and other national surveys","Percent","12","1"
"The former Yugoslav Republic of Macedonia","Female 5-14 yr","2002-2011","UN_Demographic and Health Surveys (DHS), Multiple Indicator Cluster Surveys (MICS) and other national surveys","Percent","13","1"
"The former Yugoslav Republic of Macedonia","Total 5-14 yr","2002-2011","UN_Demographic and Health Surveys (DHS), Multiple Indicator Cluster Surveys (MICS) and other national surveys","Percent","13","1"
"Timor-Leste","Male 5-14 yr","2002-2011","UN_Demographic and Health Surveys (DHS), Multiple Indicator Cluster Surveys (MICS) and other national surveys","Percent","4","1"
"Timor-Leste","Female 5-14 yr","2002-2011","UN_Demographic and Health Surveys (DHS), Multiple Indicator Cluster Surveys (MICS) and other national surveys","Percent","4","1"
"Timor-Leste","Total 5-14 yr","2002-2011","UN_Demographic and Health Surveys (DHS), Multiple Indicator Cluster Surveys (MICS) and other national surveys","Percent","4","1"
"Togo","Male 5-14 yr","2002-2011","UN_Demographic and Health Surveys (DHS), Multiple Indicator Cluster Surveys (MICS) and other national surveys","Percent","28","1"
"Togo","Female 5-14 yr","2002-2011","UN_Demographic and Health Surveys (DHS), Multiple Indicator Cluster Surveys (MICS) and other national surveys","Percent","29","1"
"Togo","Total 5-14 yr","2002-2011","UN_Demographic and Health Surveys (DHS), Multiple Indicator Cluster Surveys (MICS) and other national surveys","Percent","28","1"
"Trinidad and Tobago","Male 5-14 yr","2002-2011","UN_Demographic and Health Surveys (DHS), Multiple Indicator Cluster Surveys (MICS) and other national surveys","Percent","1","1"
"Trinidad and Tobago","Female 5-14 yr","2002-2011","UN_Demographic and Health Surveys (DHS), Multiple Indicator Cluster Surveys (MICS) and other national surveys","Percent","1","1"
"Trinidad and Tobago","Total 5-14 yr","2002-2011","UN_Demographic and Health Surveys (DHS), Multiple Indicator Cluster Surveys (MICS) and other national surveys","Percent","1","1"
"Turkey","Male 5-14 yr","2002-2011","UN_Demographic and Health Surveys (DHS), Multiple Indicator Cluster Surveys (MICS) and other national surveys","Percent","3","2"
"Turkey","Female 5-14 yr","2002-2011","UN_Demographic and Health Surveys (DHS), Multiple Indicator Cluster Surveys (MICS) and other national surveys","Percent","2","2"
"Turkey","Total 5-14 yr","2002-2011","UN_Demographic and Health Surveys (DHS), Multiple Indicator Cluster Surveys (MICS) and other national surveys","Percent","3","2"
"Uganda","Male 5-14 yr","2002-2011","UN_Demographic and Health Surveys (DHS), Multiple Indicator Cluster Surveys (MICS) and other national surveys","Percent","27","2"
"Uganda","Female 5-14 yr","2002-2011","UN_Demographic and Health Surveys (DHS), Multiple Indicator Cluster Surveys (MICS) and other national surveys","Percent","24","2"
"Uganda","Total 5-14 yr","2002-2011","UN_Demographic and Health Surveys (DHS), Multiple Indicator Cluster Surveys (MICS) and other national surveys","Percent","25","2"
"Ukraine","Male 5-14 yr","2002-2011","UN_Demographic and Health Surveys (DHS), Multiple Indicator Cluster Surveys (MICS) and other national surveys","Percent","8","1"
"Ukraine","Female 5-14 yr","2002-2011","UN_Demographic and Health Surveys (DHS), Multiple Indicator Cluster Surveys (MICS) and other national surveys","Percent","7","1"
"Ukraine","Total 5-14 yr","2002-2011","UN_Demographic and Health Surveys (DHS), Multiple Indicator Cluster Surveys (MICS) and other national surveys","Percent","7","1"
"United Republic of Tanzania","Male 5-14 yr","2002-2011","UN_Demographic and Health Surveys (DHS), Multiple Indicator Cluster Surveys (MICS) and other national surveys","Percent","23","2"
"United Republic of Tanzania","Female 5-14 yr","2002-2011","UN_Demographic and Health Surveys (DHS), Multiple Indicator Cluster Surveys (MICS) and other national surveys","Percent","19","2"
"United Republic of Tanzania","Total 5-14 yr","2002-2011","UN_Demographic and Health Surveys (DHS), Multiple Indicator Cluster Surveys (MICS) and other national surveys","Percent","21","2"
"Uruguay","Male 5-14 yr","2002-2011","UN_Demographic and Health Surveys (DHS), Multiple Indicator Cluster Surveys (MICS) and other national surveys","Percent","8","2"
"Uruguay","Female 5-14 yr","2002-2011","UN_Demographic and Health Surveys (DHS), Multiple Indicator Cluster Surveys (MICS) and other national surveys","Percent","8","2"
"Uruguay","Total 5-14 yr","2002-2011","UN_Demographic and Health Surveys (DHS), Multiple Indicator Cluster Surveys (MICS) and other national surveys","Percent","8","2"
"Venezuela (Bolivarian Republic of)","Male 5-14 yr","2002-2011","UN_Demographic and Health Surveys (DHS), Multiple Indicator Cluster Surveys (MICS) and other national surveys","Percent","9","3"
"Venezuela (Bolivarian Republic of)","Female 5-14 yr","2002-2011","UN_Demographic and Health Surveys (DHS), Multiple Indicator Cluster Surveys (MICS) and other national surveys","Percent","6","3"
"Venezuela (Bolivarian Republic of)","Total 5-14 yr","2002-2011","UN_Demographic and Health Surveys (DHS), Multiple Indicator Cluster Surveys (MICS) and other national surveys","Percent","8","3"
"Viet Nam","Male 5-14 yr","2002-2011","UN_Demographic and Health Surveys (DHS), Multiple Indicator Cluster Surveys (MICS) and other national surveys","Percent","7","1"
"Viet Nam","Female 5-14 yr","2002-2011","UN_Demographic and Health Surveys (DHS), Multiple Indicator Cluster Surveys (MICS) and other national surveys","Percent","7","1"
"Viet Nam","Total 5-14 yr","2002-2011","UN_Demographic and Health Surveys (DHS), Multiple Indicator Cluster Surveys (MICS) and other national surveys","Percent","7","1"
"Western and Central Africa","Male 5-14 yr","2002-2011","UN_Demographic and Health Surveys (DHS), Multiple Indicator Cluster Surveys (MICS) and other national surveys","Percent","28","5"
"Western and Central Africa","Female 5-14 yr","2002-2011","UN_Demographic and Health Surveys (DHS), Multiple Indicator Cluster Surveys (MICS) and other national surveys","Percent","27","5"
"Western and Central Africa","Total 5-14 yr","2002-2011","UN_Demographic and Health Surveys (DHS), Multiple Indicator Cluster Surveys (MICS) and other national surveys","Percent","27","5"
"World","Male 5-14 yr","2002-2011","UN_Demographic and Health Surveys (DHS), Multiple Indicator Cluster Surveys (MICS) and other national surveys","Percent","15","6"
"World","Female 5-14 yr","2002-2011","UN_Demographic and Health Surveys (DHS), Multiple Indicator Cluster Surveys (MICS) and other national surveys","Percent","14","6"
"World","Total 5-14 yr","2002-2011","UN_Demographic and Health Surveys (DHS), Multiple Indicator Cluster Surveys (MICS) and other national surveys","Percent","15","6"
"Yemen","Male 5-14 yr","2002-2011","UN_Demographic and Health Surveys (DHS), Multiple Indicator Cluster Surveys (MICS) and other national surveys","Percent","21","1"
"Yemen","Female 5-14 yr","2002-2011","UN_Demographic and Health Surveys (DHS), Multiple Indicator Cluster Surveys (MICS) and other national surveys","Percent","24","1"
"Yemen","Total 5-14 yr","2002-2011","UN_Demographic and Health Surveys (DHS), Multiple Indicator Cluster Surveys (MICS) and other national surveys","Percent","23","1"
"Zambia","Male 5-14 yr","2002-2011","UN_Demographic and Health Surveys (DHS), Multiple Indicator Cluster Surveys (MICS) and other national surveys","Percent","42","2"
"Zambia","Female 5-14 yr","2002-2011","UN_Demographic and Health Surveys (DHS), Multiple Indicator Cluster Surveys (MICS) and other national surveys","Percent","40","2"
"Zambia","Total 5-14 yr","2002-2011","UN_Demographic and Health Surveys (DHS), Multiple Indicator Cluster Surveys (MICS) and other national surveys","Percent","41","2"

"fnSeqID","Footnote"
"1","Data refer to the most recent year available during the period specified in the column heading. A more detailed explanation of the methodology and the changes in calculating these estimates can be found in the General Note on the Data, page XX."
"2","Data refer to the most recent year available during the period specified in the column heading. A more detailed explanation of the methodology and the changes in calculating these estimates can be found in the General Note on the Data, page XX. Data differ from the standard definition or refer to only part of a country. If they fall within the noted reference period, such data are included in the calculation of regional and global averages."
"3","Data refer to the most recent year available during the period specified in the column heading. A more detailed explanation of the methodology and the changes in calculating these estimates can be found in the General Note on the Data, page XX. Data refer to years or periods other than those specified in the column heading. Such data are not included in the calculation of regional and global averages."
"4","Data refer to the most recent year available during the period specified in the column heading. A more detailed explanation of the methodology and the changes in calculating these estimates can be found in the General Note on the Data, page XX. Data refer to years or periods other than those specified in the column heading. Such data are not included in the calculation of regional and global averages. Data differ from the standard definition or refer to only part of a country. If they fall within the noted reference period, such data are included in the calculation of regional and global averages."
"5","Data refer to the most recent year available during the period specified in the column heading. A more detailed explanation of the methodology and the changes in calculating these estimates can be found in the General Note on the Data, page XX. For a complete list of countries and territories in the regions, subregions and country categories, see page XX."
"6","Data refer to the most recent year available during the period specified in the column heading. A more detailed explanation of the methodology and the changes in calculating these estimates can be found in the General Note on the Data, page XX. Excludes China. For a complete list of countries and territories in the regions, subregions and country categories, see page XX."
"7","Data refer to the most recent year available during the period specified in the column heading. A more detailed explanation of the methodology and the changes in calculating these estimates can be found in the General Note on the Data, page XX. Data refer to years or periods other than those specified in the column heading. Such data are not included in the calculation of regional and global averages. Due to the cession in July 2011 of the Republic of South Sudan by the Republic of the Sudan, and its subsequent admission to the UN on 14 July 2011, disaggregated data for Sudan and South Sudan as separate States are not yet available for all indicators. In these cases, aggregated data are presented for Sudan pre-cession (see Memorandum item)."
